title,price,Link,date_posted,image,source
"Lawnmower mower Toro 22"" Self Propelled Recycler Kohler",$160,https://auburn.craigslist.org/for/d/auburn-lawnmower-mower-toro-22-self/7179935156.html,Aug 31,,Craigslist
WANTED USED NON WORKING LAWN MOWERS,$0,https://auburn.craigslist.org/for/d/columbus-wanted-used-non-working-lawn/7146803517.html,Jul 22,,Craigslist
WANTED USED NON WORKING LAWN MOWERS,$0,https://auburn.craigslist.org/grd/d/columbus-wanted-used-non-working-lawn/7146834484.html,Jul 22,,Craigslist
"21"" TROY BILT MOWER",$85,https://columbusga.craigslist.org/for/d/columbus-21-troy-bilt-mower/7186414614.html,Aug 31,,Craigslist
"Lawnmower decks,hoods,parts","
            ",https://montgomery.craigslist.org/grd/d/hope-hull-lawnmower-deckshoodsparts/7188469477.html,Sep  1,,Craigslist
$$unwanted riding lawnmower $$,"
            ",https://dothan.craigslist.org/wan/d/dothan-unwanted-riding-lawnmower/7164986285.html,Aug 20,,Craigslist
Wanted : Riding lawnmower with bagger system.,$123,https://dothan.craigslist.org/wan/d/noma-wanted-riding-lawnmower-with/7175429926.html,Aug 11,,Craigslist
Wanted your old non running lawnmower,"
            ",https://dothan.craigslist.org/wan/d/marianna-wanted-your-old-non-running/7162661478.html,Aug  1,,Craigslist
Loading ramps for ATV or lawnmower,$35,https://bham.craigslist.org/spo/d/mc-calla-loading-ramps-for-atv-or/7176369172.html,Aug 29,,Craigslist
New Craftsman Grass Catcher for side discharge lawnmower,$20,https://bham.craigslist.org/grd/d/birmingham-new-craftsman-grass-catcher/7175393440.html,Aug 29,,Craigslist
Ego Electric Lawnmower,$375,https://bham.craigslist.org/tls/d/birmingham-ego-electric-lawnmower/7185092533.html,Aug 27,,Craigslist
New Echo 58 volt set w/ lawnmower and string trimmer and blower set,$500,https://bham.craigslist.org/tls/d/birmingham-new-echo-58-volt-set/7178696455.html,Aug 23,,Craigslist
2 grass bag catchers for lawnmower,$20,https://bham.craigslist.org/grd/d/leeds-2-grass-bag-catchers-for-lawnmower/7182537858.html,Aug 22,,Craigslist
Electric Lawnmower - battery op,$100,https://bham.craigslist.org/tls/d/birmingham-electric-lawnmower-battery-op/7182130406.html,Aug 22,,Craigslist
Unwanted riding lawnmower,"
            ",https://bham.craigslist.org/wan/d/unwanted-riding-lawnmower/7180806747.html,Aug 20,,Craigslist
Unwanted riding lawnmower,"
            ",https://bham.craigslist.org/wan/d/unwanted-riding-lawnmower/7180807284.html,Aug 20,,Craigslist
Lawnmower seats,$20,https://bham.craigslist.org/grd/d/chelsea-lawnmower-seats/7177218633.html,Aug 14,,Craigslist
Lawnmower tires and wheels,$20,https://bham.craigslist.org/grd/d/chelsea-lawnmower-tires-and-wheels/7177217816.html,Aug 14,,Craigslist
Craftsman Riding Lawnmower Structurally sounds Good Condition,$200,https://bham.craigslist.org/tls/d/birmingham-craftsman-riding-lawnmower/7170462352.html,Aug  2,,Craigslist
Hot Tub,$0,https://bham.craigslist.org/bar/d/dora-hot-tub/7186843819.html,Aug 29,,Craigslist
Electric Lawnmower,$140,https://atlanta.craigslist.org/eat/grd/d/grayson-electric-lawnmower/7176409444.html,Sep  1,,Craigslist
Briggs & Stratton Self-Propelled Lawnmower,$70,https://atlanta.craigslist.org/eat/grd/d/grayson-briggs-stratton-self-propelled/7177636640.html,Sep  1,,Craigslist
I AM LOOKING FOR A RIDING LAWNMOWER LIFT,"
            ",https://atlanta.craigslist.org/nat/wan/d/canton-am-looking-for-riding-lawnmower/7173681149.html,Sep  1,,Craigslist
RIDING LAWNMOWER TROY BUILT PONY 42 INDECK,$500,https://atlanta.craigslist.org/nat/grd/d/canton-riding-lawnmower-troy-built-pony/7187185841.html,Sep  1,,Craigslist
1 hour Lawn Mower / Lawnmower Repair,$20,https://atlanta.craigslist.org/nat/grd/d/lawrenceville-1-hour-lawn-mower/7187974920.html,Aug 31,,Craigslist
"Lawnmower Toro Self Propelled, electric start, 6.75hp gas",$100,https://atlanta.craigslist.org/nat/tls/d/lawrenceville-lawnmower-toro-self/7186077596.html,Aug 31,,Craigslist
Honda Gas Self Driven Lawnmower * good shape,$35,https://atlanta.craigslist.org/nat/tls/d/lawrenceville-honda-gas-self-driven/7186070165.html,Aug 31,,Craigslist
"Husqvarna 22"" Self Propel Lawnmower",$350,https://atlanta.craigslist.org/nat/tls/d/marietta-husqvarna-22-self-propel/7173144985.html,Aug 31,,Craigslist
Lawnmower Blades,$20,https://atlanta.craigslist.org/sat/grd/d/brooks-lawnmower-blades/7183665649.html,Aug 31,,Craigslist
Toro 7.25 HP 163 CC Lawnmower Push button start,$350,https://atlanta.craigslist.org/eat/tls/d/snellville-toro-725-hp-163-cc-lawnmower/7174901484.html,Aug 30,,Craigslist
4 lawnmowers 1 riding lawnmower,$200,https://atlanta.craigslist.org/nat/grd/d/braselton-4-lawnmowers-1-riding/7187186978.html,Aug 30,,Craigslist
Commercial Style Lawnmower 26 in Cut,$150,https://atlanta.craigslist.org/nat/grd/d/alpharetta-commercial-style-lawnmower/7187176066.html,Aug 30,,Craigslist
Buy My LawnBoy Lawnmower And I'll Give You A Ryobi Weedeater For FREE!,$125,https://atlanta.craigslist.org/atl/grd/d/acworth-buy-my-lawnboy-lawnmower-and/7177082233.html,Aug 29,,Craigslist
Buy My LawnBoy Lawnmower And I'll Give You A Ryobi Weedeater For FREE!,$125,https://atlanta.craigslist.org/atl/tls/d/acworth-buy-my-lawnboy-lawnmower-and/7177083982.html,Aug 29,,Craigslist
Honda lawnmower,$280,https://atlanta.craigslist.org/nat/for/d/cumming-honda-lawnmower/7185956646.html,Aug 28,,Craigslist
Troy-Bilt Lawnmower,$100,https://atlanta.craigslist.org/nat/for/d/marietta-troy-bilt-lawnmower/7185383665.html,Aug 27,,Craigslist
Lawnboy Lawnmower,$75,https://atlanta.craigslist.org/nat/grd/d/cumming-lawnboy-lawnmower/7185328818.html,Aug 27,,Craigslist
New - Strongway Motorcycle/ATV/Lawnmower Jack,$80,https://atlanta.craigslist.org/eat/grd/d/lawrenceville-new-strongway-motorcycle/7181854331.html,Aug 27,,Craigslist
New - Strongway Motorcycle/ATV/Lawnmower  Jack,$80,https://atlanta.craigslist.org/eat/tls/d/lawrenceville-new-strongway-motorcycle/7181908936.html,Aug 27,,Craigslist
New - Strongway Motorcycle/ATV/Lawnmower  Jack,$80,https://atlanta.craigslist.org/eat/for/d/lawrenceville-new-strongway-motorcycle/7181776563.html,Aug 27,,Craigslist
4 lawnmower,$100,https://atlanta.craigslist.org/atl/grd/d/powder-springs-4-lawnmower/7178537922.html,Aug 27,,Craigslist
Ego LawnMower w/ 7.5Ah Battery,$375,https://atlanta.craigslist.org/atl/grd/d/fairburn-ego-lawnmower-75ah-battery/7185034757.html,Aug 26,,Craigslist
LAWNMOWER PUSH,$75,https://atlanta.craigslist.org/nat/grd/d/canton-lawnmower-push/7178167884.html,Aug 26,,Craigslist
LAWNMOWER ENGINE,$75,https://atlanta.craigslist.org/nat/grd/d/canton-lawnmower-engine/7183355345.html,Aug 26,,Craigslist
SNAPPER  riding  lawnmower,"
            ",https://atlanta.craigslist.org/atl/grd/d/monroe-snapper-riding-lawnmower/7184625478.html,Aug 26,,Craigslist
Powersmart lawnmower,$150,https://atlanta.craigslist.org/atl/grd/d/atlanta-powersmart-lawnmower/7184352605.html,Aug 25,,Craigslist
Honda Harmony  HRB215 Lawnmower Self- Propelled,$190,https://atlanta.craigslist.org/wat/for/d/acworth-honda-harmony-hrb215-lawnmower/7183924692.html,Aug 25,,Craigslist
Ryobi electric lawnmower,$70,https://atlanta.craigslist.org/nat/grd/d/roswell-ryobi-electric-lawnmower/7183475235.html,Aug 24,,Craigslist
Kawasaki lawnmower engine 14 HP,$250,https://atlanta.craigslist.org/sat/grd/d/moreland-kawasaki-lawnmower-engine-14-hp/7182542996.html,Aug 22,,Craigslist
Lawnmower,$75,https://atlanta.craigslist.org/atl/grd/d/atlanta-lawnmower/7182388099.html,Aug 22,,Craigslist
"Toro 21"" recycler lawnmower",$175,https://atlanta.craigslist.org/nat/for/d/buford-toro-21-recycler-lawnmower/7181943713.html,Aug 21,,Craigslist
1 hour Lawn Mower / Lawnmower Repair,$20,https://atlanta.craigslist.org/nat/grd/d/lawrenceville-1-hour-lawn-mower/7181601520.html,Aug 21,,Craigslist
1 hour Lawn Mower / Lawnmower Repair,$20,https://atlanta.craigslist.org/nat/grd/d/lawrenceville-1-hour-lawn-mower/7165657592.html,Aug 21,,Craigslist
Lawnmower,$25,https://atlanta.craigslist.org/eat/grd/d/decatur-lawnmower/7181349012.html,Aug 21,,Craigslist
Push Lawnmower,$25,https://atlanta.craigslist.org/eat/tls/d/decatur-push-lawnmower/7181348223.html,Aug 21,,Craigslist
Honda Lawnmower,$200,https://atlanta.craigslist.org/atl/grd/d/jonesboro-honda-lawnmower/7163582358.html,Aug 20,,Craigslist
Honda Lawnmower,$200,https://atlanta.craigslist.org/nat/grd/d/alpharetta-honda-lawnmower/7180785229.html,Aug 20,,Craigslist
$ wanting to buy used lawnmower,"
            ",https://atlanta.craigslist.org/wat/wan/d/austell-wanting-to-buy-used-lawnmower/7164398066.html,Aug 18,,Craigslist
Honda lawnmower,$100,https://atlanta.craigslist.org/nat/grd/d/alpharetta-honda-lawnmower/7179476090.html,Aug 18,,Craigslist
Gently used Manuel lawnmower,$20,https://atlanta.craigslist.org/sat/grd/d/peachtree-city-gently-used-manuel/7179461531.html,Aug 18,,Craigslist
B&D Electric cordless lawnmower,$120,https://atlanta.craigslist.org/sat/grd/d/moreland-bd-electric-cordless-lawnmower/7179087369.html,Aug 17,,Craigslist
Craftsman Briggs & Stratton Platinum Push Lawnmower,$175,https://atlanta.craigslist.org/nat/tls/d/cumming-craftsman-briggs-stratton/7178880732.html,Aug 17,,Craigslist
WORX 36 Volt Powertank Lawnmower,$60,https://atlanta.craigslist.org/nat/for/d/lilburn-worx-36-volt-powertank-lawnmower/7167404915.html,Aug 16,,Craigslist
Craftsman Lawnmower Bag,$20,https://atlanta.craigslist.org/nat/grd/d/marietta-craftsman-lawnmower-bag/7177441361.html,Aug 14,,Craigslist
Free junk lawnmower removal,"
            ",https://atlanta.craigslist.org/atl/grd/d/riverdale-free-junk-lawnmower-removal/7177128387.html,Aug 14,,Craigslist
Lawnmower for sale,$80,https://atlanta.craigslist.org/atl/grd/d/lithonia-lawnmower-for-sale/7177094319.html,Aug 14,,Craigslist
Lawnmower For Sale,"
            ",https://atlanta.craigslist.org/nat/tls/d/cumming-lawnmower-for-sale/7175681832.html,Aug 11,,Craigslist
Craftman Lawnmower For Sale,"
            ",https://atlanta.craigslist.org/nat/tls/d/cumming-craftman-lawnmower-for-sale/7175680828.html,Aug 11,,Craigslist
LAWNMOWER REPAIR,$1,https://atlanta.craigslist.org/eat/grd/d/lawrenceville-lawnmower-repair/7175421554.html,Aug 11,,Craigslist
Commercial Grade 25‚Äù Lawnmower,$350,https://atlanta.craigslist.org/atl/grd/d/atlanta-commercial-grade-25-lawnmower/7175423259.html,Aug 11,,Craigslist
Lawnmower shop going out of business,$1,https://atlanta.craigslist.org/wat/grd/d/austell-lawnmower-shop-going-out-of/7175049680.html,Aug 10,,Craigslist
Riding lawnmower bagger,$175,https://atlanta.craigslist.org/eat/grd/d/conyers-riding-lawnmower-bagger/7174416182.html,Aug  9,,Craigslist
Lawnmower,$350,https://atlanta.craigslist.org/eat/for/d/athens-lawnmower/7174311408.html,Aug  9,,Craigslist
LAWNMOWER/TRACTORS,$1,https://atlanta.craigslist.org/nat/grd/d/sparta-lawnmower-tractors/7156763203.html,Aug  8,,Craigslist
Toro 6.5 HP BAGGER / Mulcher Lawnmower,$185,https://atlanta.craigslist.org/atl/for/d/stone-mountain-toro-65-hp-bagger/7173059086.html,Aug  7,,Craigslist
Yardman Lawnmower,$125,https://atlanta.craigslist.org/eat/grd/d/lawrenceville-yardman-lawnmower/7163815186.html,Aug  6,,Craigslist
Honda Lawnmower,$175,https://atlanta.craigslist.org/eat/grd/d/lawrenceville-honda-lawnmower/7163816153.html,Aug  6,,Craigslist
Honda Lawnmower Motor,$60,https://atlanta.craigslist.org/nat/grd/d/alpharetta-honda-lawnmower-motor/7171852693.html,Aug  5,,Craigslist
Lawnmower,$100,https://atlanta.craigslist.org/sat/tls/d/peachtree-city-lawnmower/7171621415.html,Aug  4,,Craigslist
22inch 149cc Toro FWD Lawnmower,$150,https://atlanta.craigslist.org/nat/grd/d/marietta-22inch-149cc-toro-fwd-lawnmower/7169771063.html,Aug  4,,Craigslist
Lawns,$110,https://atlanta.craigslist.org/nat/grd/d/suwanee-lawns/7188640893.html,Sep  1,,Craigslist
KING FULL QUEEN MATTRESS & FURNITURE FINANCING ONLINE NO CREDIT CHECK,$0,https://atlanta.craigslist.org/atl/fud/d/atlanta-king-full-queen-mattress/7188521432.html,Sep  1,,Craigslist
Snapper Mower,$150,https://atlanta.craigslist.org/atl/grd/d/powder-springs-snapper-mower/7186997095.html,Sep  1,,Craigslist
Older JD Kawasaki Engine Cores,"
            ",https://atlanta.craigslist.org/eat/grd/d/older-jd-kawasaki-engine-cores/7170818975.html,Sep  1,,Craigslist
FULL 215 KING 315 QUEEN 235    PILLOWTOP MATTRESS DELIVERED FREE,$1,https://atlanta.craigslist.org/atl/fud/d/atlanta-full-215-king-315-queen-235/7188161665.html,Sep  1,,Craigslist
Wanting running/ non running engines,$0,https://atlanta.craigslist.org/atl/wan/d/lawrenceville-wanting-running-non/7188118019.html,Sep  1,,Craigslist
Husqvarna LC 121P Pushmower (Fixer-Upper) - new cond- 150!,"
            ",https://atlanta.craigslist.org/atl/grd/d/newnan-husqvarna-lc-121p-pushmower/7188107899.html,Sep  1,,Craigslist
üåûüåûüåûFurniture Liquidation - Bargain Plus,$39,https://atlanta.craigslist.org/sat/fud/d/morrow-furniture-liquidation-bargain/7188058527.html,Aug 31,,Craigslist
üåûüåûüåûMattress Liquidation - Bargain Plus,$39,https://atlanta.craigslist.org/sat/fud/d/morrow-mattress-liquidation-bargain-plus/7188056705.html,Aug 31,,Craigslist
JUMBO DOUBLE SIDED FULL 270  KING 405 QUEEN 305 PILLOWTOP  MATTRESS,$1,https://atlanta.craigslist.org/atl/hsd/d/atlanta-jumbo-double-sided-full-270/7187907420.html,Aug 31,,Craigslist
FULL KING QUEEN MATTRESS & FURNITURE FINANCING ONLINE NO CREDIT CHECK,$0,https://atlanta.craigslist.org/atl/fud/d/atlanta-full-king-queen-mattress/7187888298.html,Aug 31,,Craigslist
Electric corded Mower,$99,https://atlanta.craigslist.org/nat/grd/d/duluth-electric-corded-mower/7187761497.html,Aug 31,,Craigslist
lawn mower,$75,https://atlanta.craigslist.org/atl/hsh/d/lawrenceville-lawn-mower/7187615555.html,Aug 31,,Craigslist
Wanting running/ non running engines,$0,https://atlanta.craigslist.org/atl/zip/d/lawrenceville-wanting-running-non/7187546137.html,Aug 31,,Craigslist
Lawnmower cub cadet,$85,https://atlanta.craigslist.org/nat/grd/d/marietta-lawnmower-cub-cadet/7170170254.html,Aug  2,,Craigslist
FULL 119  QUEEN 149 KING 199 TWIN 99 MATTRESS SALE SEE PHOTOS,$99,https://atlanta.craigslist.org/atl/fod/d/atlanta-full-119-queen-149-king-199/7187522096.html,Aug 31,,Craigslist
Toro Self Propelled Lawnmower,$250,https://atlanta.craigslist.org/nat/grd/d/dallas-toro-self-propelled-lawnmower/7170137000.html,Aug  2,,Craigslist
Honda 9 hp Gas Engine,$210,https://atlanta.craigslist.org/atl/for/d/buford-honda-9-hp-gas-engine/7187352032.html,Aug 30,,Craigslist
Wanting running/ non running engines,$0,https://atlanta.craigslist.org/atl/wan/d/hoschton-wanting-running-non-running/7187354066.html,Aug 30,,Craigslist
"New Genuine MTD Cub Cadet 42"" and 46"" Double Bagger Part# 19A30031100",$300,https://atlanta.craigslist.org/atl/grq/d/atlanta-new-genuine-mtd-cub-cadet-42/7187357612.html,Aug 30,,Craigslist
FULL 320 QUEEN 355  KING 455   ULTRA PLUSH PILLOWTOP MATTRESS,$1,https://atlanta.craigslist.org/atl/fud/d/atlanta-full-320-queen-355-king-455/7186973177.html,Aug 30,,Craigslist
2013 TROY-BILT TB230 SELF PROPELLED LAWN MOWER,$225,https://atlanta.craigslist.org/nat/grd/d/monroe-2013-troy-bilt-tb230-self/7186967603.html,Aug 30,,Craigslist
Taking all running and non running engines,$0,https://atlanta.craigslist.org/atl/for/d/lawrenceville-taking-all-running-and/7186870304.html,Aug 29,,Craigslist
Taking all running and non running engines,$0,https://atlanta.craigslist.org/atl/wan/d/lawrenceville-taking-all-running-and/7186869791.html,Aug 29,,Craigslist
FULL QUEEN KING MATTRESS & FURNITURE FINANCING ONLINE NO CREDIT CHECK,$0,https://atlanta.craigslist.org/atl/fud/d/atlanta-full-queen-king-mattress/7186736557.html,Aug 29,,Craigslist
Toro- Honda Self Propelled Lawn Mower,$300,https://atlanta.craigslist.org/atl/grd/d/atlanta-toro-honda-self-propelled-lawn/7186501070.html,Aug 29,,Craigslist
FULL 215 KING 315 QUEEN 235    PILLOWTOP MATTRESS DELIVERED FREE,$1,https://atlanta.craigslist.org/atl/fud/d/atlanta-full-215-king-315-queen-235/7186382021.html,Aug 29,,Craigslist
FULL 119 KING 199 QUEEN 149  TWIN 99 MATTRESS SALE SEE PHOTOS,$99,https://atlanta.craigslist.org/atl/fod/d/atlanta-full-119-king-199-queen-149/7186377425.html,Aug 29,,Craigslist
AMERICAN LAWNMOWER COMPANY MANUAL REEL MOWER,$50,https://atlanta.craigslist.org/sat/grd/d/mcdonough-american-lawnmower-company/7169925356.html,Aug  1,,Craigslist
FULL 190 KING 280  QUEEN 210     QUILTED *MATTRESS* DELIVERED FREE,$0,https://atlanta.craigslist.org/atl/fud/d/atlanta-full-190-king-280-queen-210/7186135796.html,Aug 28,,Craigslist
QUEEN FULL KING MATTRESS & FURNITURE FINANCING ONLINE NO CREDIT CHECK,$0,https://atlanta.craigslist.org/atl/fud/d/atlanta-queen-full-king-mattress/7186116438.html,Aug 28,,Craigslist
FULL 119 KING 199 QUEEN 149  TWIN 99 MATTRESS SALE SEE PHOTOS,$99,https://atlanta.craigslist.org/atl/fod/d/atlanta-full-119-king-199-queen-149/7185761513.html,Aug 28,,Craigslist
"Troybilt 21"" Self Prop Mower & Blower",$30,https://atlanta.craigslist.org/nat/tls/d/suwanee-troybilt-21-self-prop-mower/7185757129.html,Aug 28,,Craigslist
KING 315 FULL 215  QUEEN 235  PILLOWTOP MATTRESS DELIVERED FREE,$1,https://atlanta.craigslist.org/atl/fud/d/atlanta-king-315-full-215-queen-235/7185756192.html,Aug 28,,Craigslist
Bolens Riding Mower,"
            ",https://atlanta.craigslist.org/eat/grd/d/bolens-riding-mower/7173753706.html,Aug 28,,Craigslist
Taking all running and non running engines,$0,https://atlanta.craigslist.org/atl/zip/d/lawrenceville-taking-all-running-and/7185722025.html,Aug 28,,Craigslist
JUMBO DOUBLE SIDED QUEEN 305 KING 405 FULL 270  PILLOWTOP  MATTRESS,$1,https://atlanta.craigslist.org/atl/hsd/d/atlanta-jumbo-double-sided-queen-305/7185515528.html,Aug 27,,Craigslist
KING FULL QUEEN MATTRESS & FURNITURE FINANCING ONLINE NO CREDIT CHECK,$0,https://atlanta.craigslist.org/atl/fud/d/atlanta-king-full-queen-mattress/7185496677.html,Aug 27,,Craigslist
Queen Size Upholstered Bed Frames (New) Same Day Delivery Available,$269,https://atlanta.craigslist.org/atl/fud/d/atlanta-queen-size-upholstered-bed/7185370829.html,Aug 27,,Craigslist
Ego LawnMower w/ 7.5Ah Battery,$375,https://gadsden.craigslist.org/tls/d/anniston-ego-lawnmower-75ah-battery/7185091626.html,Aug 27,,Craigslist
